Real,Predicho,Correcto,Confianza,Prob_Fast,Prob_Moderate,Prob_Slow,Severity,Start_Lat,Start_Lng,Distance(mi),DelayFromTypicalTraffic(mins),DelayFromFreeFlowSpeed(mins),County,State,LocalTimeZone,Temperature(F),WindChill(F),Humidity(%),Pressure(in),Visibility(mi),WindDir,WindSpeed(mph),Precipitation(in),Weather_Conditions,Hour,DayOfWeek,Month,Year,IsWeekend,Duration(mins)
Fast,Fast,True,0.5417458415031433,0.5417458415031433,0.43673011660575867,0.021524077281355858,1,39.951141,-74.953453,2.559999942779541,0.25,2.299999952316284,Burlington,NJ,US/Eastern,30.0,26.5,28.0,30.18,10.0,ENE,3.5,0.0,Clear,8,2,5,2018,0,60.0
Fast,Fast,True,0.6389349699020386,0.6389349699020386,0.3482375144958496,0.012827501632273197,1,45.164093,-123.205116,3.0999999046325684,2.5299999713897705,2.619999885559082,Yamhill,OR,US/Pacific,88.0,0.0,23.0,29.99,10.0,SW,11.5,0.0,Clear,8,2,5,2018,0,60.0
Moderate,Moderate,True,0.6440900564193726,0.1017850786447525,0.6440900564193726,0.25412485003471375,1,42.973923,-71.475998,0.699999988079071,0.0,0.6499999761581421,Hillsborough,NH,US/Eastern,46.0,41.0,33.0,29.94,10.0,NNW,10.4,0.0,Mostly Cloudy,8,2,5,2018,0,60.0
Slow,Slow,True,0.6029863953590393,0.030589569360017776,0.36642399430274963,0.6029863953590393,1,38.995621,-76.93190799999998,2.0,3.0,5.0,Prince George's,MD,US/Eastern,58.0,58.0,94.0,29.46,1.0,CALM,0.0,0.0,Cloudy,8,2,5,2018,0,60.0
Slow,Moderate,False,0.4733979105949402,0.31421133875846863,0.4733979105949402,0.21239079535007477,1,35.834461,-89.918449,0.4399999976158142,0.6200000047683716,0.6200000047683716,Mississippi,AR,US/Central,89.6,0.0,52.0,30.0,10.0,Calm,0.0,0.0,Mostly Cloudy,8,2,5,2018,0,60.0
Moderate,Moderate,True,0.4476397633552551,0.34281423687934875,0.4476397633552551,0.20954594016075134,1,40.277229,-76.587326,0.6399999856948853,0.3199999928474426,0.550000011920929,Lebanon,PA,US/Eastern,75.4,0.0,35.0,29.98,10.0,West,8.1,0.0,Clear,8,2,5,2018,0,60.0
Slow,Slow,True,0.8207635283470154,0.06401459872722626,0.11522188782691956,0.8207635283470154,1,27.50466500000001,-99.502754,0.5099999904632568,2.0,2.0,Webb,TX,US/Central,95.0,95.0,37.0,29.42,10.0,S,5.0,0.0,Fair,8,2,5,2018,0,60.0
Moderate,Slow,False,0.5813376307487488,0.05720942094922066,0.36145299673080444,0.5813376307487488,2,33.443272,-96.60067,1.7799999713897705,8.0,8.0,Grayson,TX,US/Central,73.0,73.0,51.0,29.36,10.0,SSE,12.0,0.0,Fair,8,2,5,2018,0,60.0
Moderate,Moderate,True,0.6072816252708435,0.34080472588539124,0.6072816252708435,0.051913660019636154,2,30.305416,-81.52359,2.720000028610229,2.0,3.0,Duval,FL,US/Eastern,90.0,90.0,63.0,29.98,10.0,ESE,8.0,0.0,Fair,8,2,5,2018,0,60.0
Moderate,Moderate,True,0.7265595197677612,0.11572040617465973,0.7265595197677612,0.15771999955177307,1,42.459091,-73.24793199999998,1.0599999427795408,1.0,2.0,Berkshire,MA,US/Eastern,86.0,86.0,51.0,28.7,10.0,W,6.0,0.0,Partly Cloudy,8,2,5,2018,0,60.0
Fast,Fast,True,0.5934005379676819,0.5934005379676819,0.3874357044696808,0.019163791090250015,1,42.234001,-87.901566,2.3299999237060547,1.870000004768372,1.850000023841858,Lake,IL,US/Central,80.1,0.0,47.0,29.94,10.0,West,12.7,0.0,Partly Cloudy,8,2,5,2018,0,60.0
Fast,Fast,True,0.7848093509674072,0.7848093509674072,0.16455087065696716,0.050639793276786804,1,32.952358000000004,-96.733543,3.1800000667572017,1.0,2.0,Dallas,TX,US/Central,99.0,99.0,29.0,29.26,10.0,SE,8.0,0.0,Partly Cloudy,8,2,5,2018,0,60.0
Fast,Fast,True,0.47346583008766174,0.47346583008766174,0.3746999502182007,0.15183420479297638,2,37.2164,-108.677879,4.070000171661377,11.0,11.0,Montezuma,CO,US/Mountain,72.0,72.0,10.0,24.32,10.0,VAR,6.0,0.0,Fair,8,2,5,2018,0,60.0
Slow,Slow,True,0.6113353371620178,0.0102720120921731,0.37839266657829285,0.6113353371620178,0,40.74382,-73.775902,0.6800000071525574,0.5699999928474426,1.0299999713897705,Queens,NY,US/Eastern,54.0,0.0,80.0,30.23,10.0,SSE,17.3,0.0,Overcast,8,2,5,2018,0,60.0
Slow,Slow,True,0.8075453042984009,0.0028797828126698732,0.18957488238811493,0.8075453042984009,0,34.065182,-118.376228,0.699999988079071,1.0,2.0,Los Angeles,CA,US/Pacific,80.0,80.0,54.0,29.78,10.0,W,8.0,0.0,Fair,8,2,5,2018,0,60.0
Moderate,Moderate,True,0.688051164150238,0.2751173675060272,0.688051164150238,0.03683151677250862,1,40.741463,-74.008888,4.170000076293944,0.0,2.0,New York,NY,US/Eastern,58.0,58.0,62.0,29.9,10.0,CALM,0.0,0.0,Fair,8,2,5,2018,0,60.0
Moderate,Moderate,True,0.9395412802696228,0.03780104219913483,0.9395412802696228,0.022657709196209908,2,41.886566,-87.646408,5.679999828338622,3.799999952316284,7.25,Cook,IL,US/Central,62.1,0.0,58.0,30.02,10.0,NNE,12.7,0.0,Mostly Cloudy,8,2,5,2018,0,60.0
Moderate,Moderate,True,0.6917805075645447,0.029396113008260727,0.6917805075645447,0.2788234055042267,0,40.89341,-73.857384,1.690000057220459,0.0,2.0,Bronx,NY,US/Eastern,37.0,26.0,39.0,30.44,10.0,NW,21.0,0.0,Fair / Windy,8,2,5,2018,0,60.0
Fast,Fast,True,0.7818010449409485,0.7818010449409485,0.2132159173488617,0.004983075894415379,2,35.105537,-106.644234,9.5,3.650000095367432,7.679999828338622,Bernalillo,NM,US/Mountain,51.1,0.0,35.0,29.99,10.0,Calm,0.0,0.0,Scattered Clouds,8,2,5,2018,0,60.0
Fast,Fast,True,0.7577102184295654,0.7577102184295654,0.20714402198791504,0.03514578565955162,0,31.418022,-100.222328,3.400000095367432,1.0,2.0,Tom Green,TX,US/Central,82.0,82.0,45.0,27.77,10.0,SSE,12.0,0.0,Fair,8,2,5,2018,0,60.0
Fast,Moderate,False,0.5899633169174194,0.2780623733997345,0.5899633169174194,0.1319742649793625,1,39.019779,-77.104988,2.04,2.5299999713897705,2.8199999332427983,Montgomery,MD,US/Eastern,58.1,0.0,93.0,29.73,3.0,NE,5.8,0.0,Overcast,8,2,5,2018,0,60.0
Fast,Fast,True,0.9771528244018555,0.9771528244018555,0.02067640982568264,0.0021707764826714993,1,33.132851,-117.328629,5.1599998474121085,2.0,3.0,San Diego,CA,US/Pacific,69.0,69.0,87.0,29.61,10.0,VAR,3.0,0.0,Fair,8,2,5,2018,0,60.0
Moderate,Moderate,True,0.8872942924499512,0.10643589496612549,0.8872942924499512,0.006269863341003656,2,38.565632,-121.625862,12.640000343322756,5.0,15.0,Yolo,CA,US/Pacific,88.0,0.0,29.0,29.82,10.0,0,0.0,0.0,Fair,8,2,5,2018,0,60.0
Moderate,Moderate,True,0.46100756525993347,0.11928203701972961,0.46100756525993347,0.4197103977203369,0,29.761612,-95.406181,0.8500000238418579,1.6200000047683716,1.600000023841858,Harris,TX,US/Central,0.0,0.0,0.0,0.0,0.0,0,0.0,0.0,0,8,2,5,2018,0,60.0
Fast,Fast,True,0.9585976004600525,0.9585976004600525,0.039361730217933655,0.002040671184659004,1,33.87656,-118.078529,3.440000057220459,0.0,1.0,Los Angeles,CA,US/Pacific,85.0,85.0,34.0,29.75,10.0,W,9.0,0.0,Fair,8,2,5,2018,0,60.0
Fast,Fast,True,0.7214745283126831,0.7214745283126831,0.24304351210594177,0.035482004284858704,1,34.271384999999995,-117.449768,1.88,0.7200000286102295,1.7200000286102295,San Bernardino,CA,US/Pacific,50.7,0.0,49.0,30.23,10.0,East,4.6,0.0,Clear,8,2,5,2018,0,60.0
Slow,Moderate,False,0.47650769352912903,0.10291518270969391,0.47650769352912903,0.42057710886001587,1,43.193581,-95.850571,2.309999942779541,8.0,8.0,O'Brien,IA,US/Central,86.0,86.0,70.0,28.41,10.0,S,10.0,0.0,Fair,8,2,5,2018,0,60.0
Moderate,Slow,False,0.583001971244812,0.010443104431033134,0.4065548777580261,0.583001971244812,0,40.76762,-73.982224,2.0,0.0,2.0,New York,NY,US/Eastern,46.0,41.0,51.0,30.36,10.0,NE,10.0,0.0,Cloudy,8,2,5,2018,0,60.0
Fast,Fast,True,0.9810014367103577,0.9810014367103577,0.01814548671245575,0.000853034493047744,2,41.283497,-72.937454,5.889999866485598,3.4200000762939453,3.5299999713897705,New Haven,CT,US/Eastern,48.9,0.0,90.0,29.96,9.0,East,13.8,0.01,Light Rain,8,2,5,2018,0,60.0
Moderate,Slow,False,0.6131654381752014,0.01727110520005226,0.36956343054771423,0.6131654381752014,1,34.028,-118.21122,2.0299999713897705,4.0,4.0,Los Angeles,CA,US/Pacific,67.0,67.0,79.0,29.81,10.0,CALM,0.0,0.0,Fair,8,2,5,2018,0,60.0
Moderate,Slow,False,0.8109533786773682,0.013096158392727375,0.17595043778419495,0.8109533786773682,2,40.605289,-74.030113,1.600000023841858,6.0,6.0,Kings,NY,US/Eastern,31.0,26.0,46.0,30.41,10.0,VAR,5.0,0.0,Fair,8,2,5,2018,0,60.0
Moderate,Moderate,True,0.702764630317688,0.0253798495978117,0.702764630317688,0.27185553312301636,1,40.93405900000001,-73.89975,3.5999999046325684,0.0,5.0,Westchester,NY,US/Eastern,64.0,64.0,87.0,30.23,0.75,S,7.0,0.0,Fog,8,2,5,2018,0,60.0
Moderate,Moderate,True,0.4910222887992859,0.11112537235021591,0.4910222887992859,0.3978523015975952,0,29.491947,-98.333672,1.2,2.2699999809265137,2.450000047683716,Bexar,TX,US/Central,55.4,0.0,56.0,30.09,10.0,NNW,19.6,0.0,Clear,8,2,5,2018,0,60.0
Fast,Fast,True,0.9569481015205383,0.9569481015205383,0.04017642140388489,0.0028754391241818666,1,33.956226,-118.109627,4.480000019073486,0.0,2.0,Los Angeles,CA,US/Pacific,77.0,0.0,54.0,29.76,8.0,0,0.0,0.0,Fair,8,2,5,2018,0,60.0
Fast,Fast,True,0.6497824192047119,0.6497824192047119,0.3360860347747803,0.014131578616797924,2,39.767738,-104.99559,4.840000152587892,3.0,4.0,Denver,CO,US/Mountain,21.0,9.0,93.0,24.15,0.75,N,13.0,0.0,Light Snow,8,2,5,2018,0,60.0
Fast,Moderate,False,0.4586796164512634,0.441605806350708,0.4586796164512634,0.09971459209918976,0,30.33517100000001,-97.80616,1.3799999952316284,0.3700000047683716,0.75,Travis,TX,US/Central,55.9,0.0,97.0,30.21,1.5,Calm,0.0,0.0,Overcast,8,2,5,2018,0,60.0
Moderate,Fast,False,0.5604186654090881,0.5604186654090881,0.4321632981300354,0.00741808395832777,2,37.598892,-95.479446,5.449999809265137,6.0,6.0,Neosho,KS,US/Central,89.0,89.0,57.0,28.92,10.0,SE,10.0,0.0,Mostly Cloudy,8,2,5,2018,0,60.0
Moderate,Slow,False,0.6933812499046326,0.04029468819499016,0.2663240432739258,0.6933812499046326,2,40.730114,-73.461601,1.48,0.7699999809265137,2.619999885559082,Nassau,NY,US/Eastern,53.1,0.0,96.0,29.95,1.8,NE,12.7,0.0,Light Rain,8,2,5,2018,0,60.0
Slow,Moderate,False,0.560022234916687,0.11134298145771027,0.560022234916687,0.3286347985267639,0,39.221886,-77.05974599999998,0.54,0.2700000107288361,0.5199999809265137,Montgomery,MD,US/Eastern,21.2,14.9,58.0,30.16,10.0,West,4.6,0.0,Clear,8,2,5,2018,0,60.0
Slow,Slow,True,0.8695953488349915,0.02921745739877224,0.10118719190359116,0.8695953488349915,2,40.735157,-74.067024,0.0,0.0,0.0,Hudson,NJ,US/Eastern,87.8,0.0,55.0,30.42,10.0,SW,9.2,0.0,Partly Cloudy,8,2,5,2018,0,60.0
Moderate,Moderate,True,0.8028740286827087,0.08432310819625854,0.8028740286827087,0.11280287057161331,2,39.453552,-76.644791,3.240000009536743,5.25,6.380000114440918,Baltimore County,MD,US/Eastern,73.9,0.0,93.0,30.1,0.0,North,0.0,0.0,0,8,2,5,2018,0,60.0
Slow,Moderate,False,0.4979088604450226,0.10004213452339172,0.4979088604450226,0.4020490348339081,0,30.193783000000003,-81.739517,0.9200000166893004,0.0,2.0,Duval,FL,US/Eastern,63.0,63.0,90.0,30.38,10.0,N,16.0,0.0,Mostly Cloudy,8,2,5,2018,0,60.0
Moderate,Moderate,True,0.819321870803833,0.15405574440956116,0.819321870803833,0.02662236988544464,2,33.427662,-112.053284,4.579999923706055,3.0,6.0,Maricopa,AZ,US/Mountain,72.0,72.0,29.0,28.64,10.0,E,7.0,0.0,Fair,8,2,5,2018,0,60.0
Slow,Moderate,False,0.5662713646888733,0.02055644616484642,0.5662713646888733,0.4131722152233124,0,40.752579,-73.852592,1.8999999761581416,0.0,2.0,Queens,NY,US/Eastern,45.0,41.0,40.0,30.33,10.0,SSE,8.0,0.0,Mostly Cloudy,8,2,5,2018,0,60.0
Fast,Fast,True,0.9728333950042725,0.9728333950042725,0.024394726380705833,0.0027719216886907816,1,34.180096,-118.312721,4.599999904632568,2.0299999713897705,2.380000114440918,Los Angeles,CA,US/Pacific,77.0,0.0,4.0,29.94,10.0,NW,3.5,0.0,Smoke,8,2,5,2018,0,60.0
Slow,Slow,True,0.9768473505973816,0.00047294559772126377,0.02267969585955143,0.9768473505973816,1,41.8964,-87.64829300000002,1.6799999475479126,8.0,9.0,Cook,IL,US/Central,66.0,66.0,56.0,29.51,10.0,CALM,0.0,0.0,Mostly Cloudy,8,2,5,2018,0,60.0
Moderate,Moderate,True,0.8269639611244202,0.05552518367767334,0.8269639611244202,0.11751089990139008,0,42.700191,-71.440437,0.9499999880790708,0.0,1.0,Hillsborough,NH,US/Eastern,73.0,73.0,46.0,29.63,10.0,VAR,3.0,0.0,Mostly Cloudy,8,2,5,2018,0,60.0
Fast,Fast,True,0.9323847889900208,0.9323847889900208,0.06571915000677109,0.001896069967187941,2,47.858059,-122.251236,6.28000020980835,1.6799999475479126,4.579999923706055,Snohomish,WA,US/Pacific,39.0,33.4,73.0,29.89,10.0,NW,8.1,0.0,Clear,8,2,5,2018,0,60.0
Slow,Slow,True,0.9577597975730896,0.0006823536241427064,0.041557908058166504,0.9577597975730896,1,26.11927,-80.10508,0.8799999952316284,13.0,14.0,Broward,FL,US/Eastern,78.0,78.0,71.0,30.17,10.0,ESE,13.0,0.0,Partly Cloudy,8,2,5,2018,0,60.0
Moderate,Moderate,True,0.9104022979736328,0.020764078944921494,0.9104022979736328,0.0688336193561554,0,34.061729,-118.319168,2.7699999809265137,1.0,3.0,Los Angeles,CA,US/Pacific,68.0,68.0,78.0,29.76,10.0,CALM,0.0,0.0,Fair,8,2,5,2018,0,60.0
Fast,Moderate,False,0.4064015746116638,0.2540774345397949,0.4064015746116638,0.33952096104621887,0,43.737255,-88.443413,0.3799999952316284,1.0,1.0,Fond du Lac,WI,US/Central,68.0,68.0,37.0,29.25,10.0,S,9.0,0.0,Fair,8,2,5,2018,0,60.0
Moderate,Moderate,True,0.50959712266922,0.3440985083580017,0.50959712266922,0.14630432426929474,1,34.329082,-79.434494,0.550000011920929,0.119999997317791,0.4000000059604645,Dillon,SC,US/Eastern,82.4,0.0,74.0,30.13,0.0,SE,5.8,0.0,Scattered Clouds,8,2,5,2018,0,60.0
Moderate,Moderate,True,0.6874424815177917,0.07896613329648972,0.6874424815177917,0.23359143733978271,0,36.153858,-86.72006999999998,1.0099999904632568,0.6700000166893005,1.1699999570846558,Davidson,TN,US/Central,41.0,33.9,36.0,30.27,10.0,NW,12.7,0.0,Clear,8,2,5,2018,0,60.0
Moderate,Slow,False,0.5311306715011597,0.022044923156499863,0.44682440161705017,0.5311306715011597,1,42.577415,-83.10880999999998,2.0799999237060547,5.0,5.0,Oakland,MI,US/Eastern,78.0,78.0,57.0,29.23,10.0,W,5.0,0.0,Fair,8,2,5,2018,0,60.0
Fast,Fast,True,0.8188065886497498,0.8188065886497498,0.14102044701576233,0.0401730015873909,1,29.813286,-95.375946,3.759999990463257,1.3300000429153442,2.5999999046325684,Harris,TX,US/Central,66.2,0.0,52.0,30.12,10.0,Variable,4.6,0.0,Clear,8,2,5,2018,0,60.0
Fast,Fast,True,0.9189385771751404,0.9189385771751404,0.022692598402500153,0.058368802070617676,0,30.995361,-98.106789,9.220000267028809,4.400000095367432,4.5,Burnet,TX,US/Central,72.5,0.0,97.0,30.05,5.0,East,4.6,0.0,Overcast,8,2,5,2018,0,60.0
Moderate,Moderate,True,0.7234896421432495,0.1986166089773178,0.7234896421432495,0.0778937041759491,0,36.092072,-86.651772,1.850000023841858,0.0,1.4500000476837158,Davidson,TN,US/Central,36.0,31.1,41.0,30.6,10.0,WNW,5.8,0.0,Mostly Cloudy,8,2,5,2018,0,60.0
Fast,Fast,True,0.9361604452133179,0.9361604452133179,0.041964899748563766,0.021874647587537766,1,29.785225,-95.715187,4.329999923706056,0.6000000238418579,2.1700000762939453,Harris,TX,US/Central,78.1,0.0,52.0,30.05,10.0,South,18.4,0.0,Mostly Cloudy,8,2,5,2018,0,60.0
Fast,Moderate,False,0.5716121792793274,0.25003787875175476,0.5716121792793274,0.17834994196891785,1,35.542702,-82.923698,0.4000000059604645,0.0,0.0,Haywood,NC,US/Eastern,36.0,0.0,73.0,30.38,10.0,Calm,0.0,0.0,Clear,8,2,5,2018,0,60.0
Moderate,Fast,False,0.6089102625846863,0.6089102625846863,0.3424490988254547,0.048640646040439606,1,29.777231,-95.425507,3.140000104904175,1.3300000429153442,2.5,Harris,TX,US/Central,87.8,0.0,29.0,30.0,10.0,Variable,5.8,0.0,Clear,8,2,5,2018,0,60.0
Slow,Slow,True,0.7607466578483582,0.009823175147175789,0.22943015396595,0.7607466578483582,1,42.293976,-71.409019,3.4500000476837163,7.0,9.0,Middlesex,MA,US/Eastern,53.0,53.0,93.0,30.02,6.0,CALM,0.0,0.04,Cloudy,8,2,5,2018,0,60.0
Moderate,Moderate,True,0.5593379139900208,0.004301917739212513,0.5593379139900208,0.4363601505756378,2,40.665497,-73.75528,3.0999999046325684,0.8299999833106995,6.320000171661378,Queens,NY,US/Eastern,72.0,0.0,59.0,29.9,10.0,SW,15.0,0.0,Scattered Clouds,8,2,5,2018,0,60.0
Moderate,Slow,False,0.5535517334938049,0.010166545398533344,0.436281681060791,0.5535517334938049,1,34.026421,-118.248787,2.9100000858306885,0.0,5.0,Los Angeles,CA,US/Pacific,65.0,65.0,54.0,29.85,10.0,CALM,0.0,0.0,Fair,8,2,5,2018,0,60.0
Moderate,Moderate,True,0.6344096660614014,0.08805690705776215,0.6344096660614014,0.2775334417819977,1,38.683346,-75.39621700000002,3.130000114440918,5.0,6.0,Sussex,DE,US/Eastern,83.0,83.0,53.0,29.99,10.0,VAR,3.0,0.0,Fair,8,2,5,2018,0,60.0
Fast,Slow,False,0.48753124475479126,0.12230929732322693,0.3901594579219818,0.48753124475479126,1,42.201065,-70.976463,0.0,0.0,0.0,Norfolk,MA,US/Eastern,66.9,0.0,66.0,29.85,0.0,NW,5.8,0.0,0,8,2,5,2018,0,60.0
Slow,Moderate,False,0.6279810070991516,0.1521274894475937,0.6279810070991516,0.2198914736509323,1,33.201057,-87.56755799999998,2.5,6.0,6.0,Tuscaloosa,AL,US/Central,92.0,92.0,41.0,30.02,10.0,SSW,5.0,0.0,Fair,8,2,5,2018,0,60.0
Moderate,Moderate,True,0.7627690434455872,0.18305419385433197,0.7627690434455872,0.054176777601242065,1,35.871441,-95.978447,4.559999942779541,8.0,7.0,Tulsa,OK,US/Central,58.0,58.0,33.0,29.35,10.0,S,10.0,0.0,Fair,8,2,5,2018,0,60.0
Fast,Moderate,False,0.6336908936500549,0.33376243710517883,0.6336908936500549,0.03254668042063713,2,42.31368300000001,-71.389664,2.96,2.2699999809265137,3.799999952316284,Middlesex,MA,US/Eastern,48.9,0.0,52.0,29.62,10.0,West,12.7,0.0,Mostly Cloudy,8,2,5,2018,0,60.0
Slow,Slow,True,0.7502560019493103,0.04284880682826042,0.20689517259597778,0.7502560019493103,1,29.47246,-98.533943,1.309999942779541,3.799999952316284,3.869999885559082,Bexar,TX,US/Central,78.1,0.0,81.0,30.02,10.0,SSE,10.4,0.0,Mostly Cloudy,8,2,5,2018,0,60.0
Moderate,Moderate,True,0.7767874002456665,0.01938745379447937,0.7767874002456665,0.2038251757621765,0,25.571709,-80.376434,1.3799999952316284,1.0,2.0,Miami-Dade,FL,US/Eastern,73.0,73.0,6.0,30.0,10.0,SSE,7.0,0.0,Partly Cloudy,8,2,5,2018,0,60.0
Moderate,Moderate,True,0.6892161965370178,0.019079530611634254,0.6892161965370178,0.2917042374610901,0,41.91037,-87.726341,1.919999957084656,0.0,2.0,Cook,IL,US/Central,43.0,40.0,45.0,29.62,10.0,NE,5.0,0.0,Fair,8,2,5,2018,0,60.0
Moderate,Moderate,True,0.6445051431655884,0.08291029185056686,0.6445051431655884,0.27258455753326416,2,41.54343400000001,-73.024857,2.380000114440918,5.400000095367432,5.349999904632568,New Haven,CT,US/Eastern,52.0,0.0,89.0,30.15,10.0,NNE,10.4,0.0,Overcast,8,2,5,2018,0,60.0
Slow,Slow,True,0.8592543601989746,0.005204195622354746,0.13554149866104126,0.8592543601989746,1,34.80619,-82.224861,3.150000095367432,26.0,28.0,Greenville,SC,US/Eastern,81.0,81.0,61.0,28.87,10.0,WSW,10.0,0.0,Partly Cloudy,8,2,5,2018,0,60.0
Slow,Slow,True,0.5949000120162964,0.014543968252837658,0.3905560076236725,0.5949000120162964,1,33.465736,-112.073959,3.2699999809265137,4.099999904632568,8.779999732971191,Maricopa,AZ,US/Mountain,79.0,0.0,47.0,29.8,10.0,SE,12.7,0.0,Mostly Cloudy,8,2,5,2018,0,60.0
Moderate,Moderate,True,0.5102068185806274,0.029308123514056206,0.5102068185806274,0.46048504114151,2,40.68293,-73.674522,2.7100000381469727,7.0,7.0,Nassau,NY,US/Eastern,85.0,85.0,38.0,30.06,10.0,S,21.0,0.0,Partly Cloudy / Windy,8,2,5,2018,0,60.0
Slow,Slow,True,0.8160361051559448,0.028706833720207214,0.15525706112384796,0.8160361051559448,2,33.662285,-117.636711,1.3400000333786009,3.799999952316284,3.799999952316284,Orange,CA,US/Pacific,55.0,0.0,42.0,30.05,10.0,NNE,4.6,0.0,Clear,8,2,5,2018,0,60.0
Fast,Fast,True,0.499033123254776,0.499033123254776,0.48150062561035156,0.019466273486614227,1,39.215614,-96.223854,9.1899995803833,8.930000305175781,9.0,Pottawatomie,KS,US/Central,27.0,16.1,92.0,29.91,4.0,North,12.7,0.0,Light Freezing Rain,8,2,5,2018,0,60.0
Slow,Slow,True,0.9896770715713501,8.78246282809414e-05,0.01023511029779911,0.9896770715713501,0,40.747231,-73.993347,1.6799999475479126,0.479999989271164,5.320000171661377,New York,NY,US/Eastern,67.0,67.0,57.0,30.01,10.0,VAR,3.0,0.0,Fair,8,2,5,2018,0,60.0
Slow,Fast,False,0.4351305663585663,0.4351305663585663,0.3928614854812622,0.1720079630613327,0,43.302498,-97.082245,4.840000152587892,4.0,4.0,Turner,SD,US/Central,84.0,84.0,65.0,28.42,10.0,CALM,0.0,0.0,Mostly Cloudy,8,2,5,2018,0,60.0
Fast,Slow,False,0.642538845539093,0.09017275273799896,0.2672884464263916,0.642538845539093,1,38.10162,-85.701149,0.0,0.0,0.0,Jefferson,KY,US/Eastern,54.0,0.0,77.0,29.91,10.0,ESE,6.9,0.0,Overcast,8,2,5,2018,0,60.0
Moderate,Moderate,True,0.6137272119522095,0.11131344735622406,0.6137272119522095,0.2749593257904053,2,39.871555,-75.348282,3.29,7.449999809265138,7.329999923706055,Delaware,PA,US/Eastern,52.0,0.0,74.0,29.74,10.0,NW,18.4,0.0,Light Rain,8,2,5,2018,0,60.0
Fast,Fast,True,0.9641934037208557,0.9641934037208557,0.03452595695853233,0.0012805948499590158,2,38.389484,-77.444443,6.230000019073486,3.0,4.0,Stafford,VA,US/Eastern,93.0,93.0,37.0,29.87,10.0,SW,6.0,0.0,Fair,8,2,5,2018,0,60.0
Moderate,Slow,False,0.48357096314430237,0.09710915386676788,0.41931986808776855,0.48357096314430237,1,40.275269,-83.07045,1.27,2.25,2.7699999809265137,Delaware,OH,US/Eastern,39.2,0.0,36.0,30.38,10.0,Calm,0.0,0.0,Clear,8,2,5,2018,0,60.0
Slow,Slow,True,0.9523977637290955,0.0023085102438926697,0.04529371112585068,0.9523977637290955,1,41.973675,-87.74754300000002,1.7899999618530271,8.0,8.0,Cook,IL,US/Central,58.0,58.0,56.0,29.25,10.0,ESE,15.0,0.0,Cloudy,8,2,5,2018,0,60.0
Fast,Fast,True,0.7490749359130859,0.7490749359130859,0.23095294833183289,0.019972063601017,1,41.982533,-87.797226,3.0,0.3799999952316284,2.0299999713897705,Cook,IL,US/Central,77.0,0.0,76.0,29.83,10.0,West,10.4,0.0,Scattered Clouds,8,2,5,2018,0,60.0
Fast,Fast,True,0.989201545715332,0.989201545715332,0.009126052260398865,0.001672362326644361,1,42.950142,-71.474876,7.610000133514402,3.0,3.0,Hillsborough,NH,US/Eastern,19.0,8.0,85.0,29.99,0.25,NNE,9.0,0.05,Heavy Snow,8,2,5,2018,0,60.0
Fast,Fast,True,0.9587249159812927,0.9587249159812927,0.03637337684631348,0.0049017611891031265,2,25.836824,-80.20623,6.5,0.0,4.0,Miami-Dade,FL,US/Eastern,84.0,84.0,82.0,30.0,10.0,W,7.0,0.0,Fair,8,2,5,2018,0,60.0
Moderate,Slow,False,0.7449536323547363,0.0096213947981596,0.24542492628097534,0.7449536323547363,0,40.88092,-73.90340400000002,1.3600000143051147,0.0,2.0,Bronx,NY,US/Eastern,33.0,23.0,92.0,29.93,0.25,NE,15.0,0.07,Snow,8,2,5,2018,0,60.0
Moderate,Moderate,True,0.7481774091720581,0.025368597358465195,0.7481774091720581,0.2264539897441864,1,41.960098,-87.79261,4.480000019073486,0.0,7.0,Cook,IL,US/Central,32.0,21.0,79.0,29.49,10.0,N,17.0,0.0,Cloudy,8,2,5,2018,0,60.0
Fast,Moderate,False,0.6822401285171509,0.20803600549697876,0.6822401285171509,0.10972392559051514,1,37.387486,-121.866348,2.73,0.8500000238418579,3.670000076293945,Santa Clara,CA,US/Pacific,61.0,0.0,78.0,30.03,10.0,NW,11.5,0.0,Mostly Cloudy,8,2,5,2018,0,60.0
Fast,Fast,True,0.8121588230133057,0.8121588230133057,0.1507984846830368,0.03704270347952843,1,29.70549,-95.274078,3.150000095367432,1.0,2.0,Harris,TX,US/Central,82.0,82.0,79.0,29.92,10.0,CALM,0.0,0.0,Fair,8,2,5,2018,0,60.0
Fast,Fast,True,0.9768925905227661,0.9768925905227661,0.020849568769335747,0.0022578504867851734,1,41.102367,-73.43325,2.650000095367432,1.0,1.0,Fairfield,CT,US/Eastern,62.0,62.0,60.0,29.47,10.0,VAR,3.0,0.0,Fair,8,2,5,2018,0,60.0
Fast,Fast,True,0.9740545153617859,0.9740545153617859,0.023777136579155922,0.0021683473605662584,1,39.02948,-84.609146,3.619999885559082,2.0,2.0,Kenton,KY,US/Eastern,34.0,24.0,89.0,29.17,3.0,WNW,16.0,0.03,Light Snow,8,2,5,2018,0,60.0
Fast,Fast,True,0.8390476703643799,0.8390476703643799,0.152605801820755,0.008346518501639366,1,40.356083,-74.127052,2.799999952316284,2.0,2.0,Monmouth,NJ,US/Eastern,87.0,87.0,55.0,29.7,10.0,NNW,7.0,0.0,Fair,8,2,5,2018,0,60.0
Slow,Slow,True,0.6473563313484192,0.058693382889032364,0.29395031929016113,0.6473563313484192,1,29.477339,-98.404076,0.87,0.6000000238418579,2.5799999237060547,Bexar,TX,US/Central,46.0,43.9,79.0,29.75,10.0,NW,4.6,0.0,Scattered Clouds,8,2,5,2018,0,60.0
Slow,Fast,False,0.5046284198760986,0.5046284198760986,0.42352724075317383,0.07184433937072754,1,28.533688,-81.38421600000002,2.5899999141693115,2.0,2.0,Orange,FL,US/Eastern,78.0,78.0,62.0,30.01,10.0,ENE,10.0,0.0,Fair,8,2,5,2018,0,60.0
Moderate,Moderate,True,0.4773719906806946,0.09942767769098282,0.4773719906806946,0.4232003092765808,1,25.504862,-80.440979,0.2300000041723252,1.4800000190734863,1.5199999809265137,Miami-Dade,FL,US/Eastern,78.8,0.0,69.0,30.2,10.0,East,17.3,0.0,Light Rain,8,2,5,2018,0,60.0
Moderate,Slow,False,0.6196620464324951,0.013268575072288513,0.36706942319869995,0.6196620464324951,1,35.203342,-80.723137,2.059999942779541,4.0,6.130000114440918,Mecklenburg,NC,US/Eastern,86.0,0.0,49.0,30.12,10.0,Variable,5.8,0.0,Mostly Cloudy,8,2,5,2018,0,60.0
Fast,Slow,False,0.6501010656356812,0.09890694916248322,0.2509920001029968,0.6501010656356812,1,43.183735,-95.335617,1.4600000381469729,4.5,4.519999980926514,Clay,IA,US/Central,77.0,0.0,64.0,29.9,10.0,North,16.1,0.0,Scattered Clouds,8,2,5,2018,0,60.0
Fast,Fast,True,0.6082878112792969,0.6082878112792969,0.3876347541809082,0.0040773930959403515,2,39.354019,-86.494644,8.270000457763674,0.0,7.5,Morgan,IN,US/Eastern,90.0,0.0,46.0,30.14,10.0,SW,12.7,0.0,Scattered Clouds,8,2,5,2018,0,60.0
